<?xml version="1.0" encoding="UTF-8"?>
   <!DOCTYPE struts PUBLIC
	"-//Apache Software Foundation//DTD Struts Configuration 2.1//EN"
	"http://struts.apache.org/dtds/struts-2.1.dtd">
	
<struts>
	<package name="str" extends="struts-default" >
		<action name="login_*" class="com.action.LoginAction" method="{1}">
			<result name="success">/index.jsp</result>
			<result name="error">/login.jsp</result>
				<result name="grxx">/grxx.jsp</result>
				<result name="xsxx">/xsxx.jsp</result>
				<result name="bjgl">/bjgl.jsp</result>
				<result name="jsxx">/jsxx.jsp</result>
			<result name="out">/login.jsp</result>
		</action>
		<action name="question_*" class="com.action.QuestionAction" method="{1}">
			<result name="sub">/subject.jsp</result>
			<result name="toSubject">/subject.jsp</result>
			<result name="pentest">/pentest.jsp</result>
			<result name="toTestQuestion">/testQuestions.jsp</result>
			<result name="toComputerQuestion">/computerQuestions.jsp</result>
			<result name="addQuestion">/addQuestion.jsp</result>
			<result name="toQuestionAll" type="redirectAction">question_selQuestion</result>
			<result name="toSubjectAll" type="redirectAction">question_selSubject</result>
			<result name="computerTest">/computerTest.jsp</result>
			<result name="addComputerQuestion">/addComputerQuestion.jsp</result>
		</action>
		<action name="paper_*" class="com.action.PaperAction" method="{1}">
			<result name="toPaper">/paper.jsp</result>
			<result name="paperQuestion">/paperQuestion.jsp</result>
			<result name="updQuestion">/updQuestion.jsp</result>
			<result name="toAddRandomPaper">/addRandomPaper.jsp</result>
			<result name="toAddChoicePaper">/addChoicePaper.jsp</result>
			<result name="toAllPaper" type="redirectAction">paper_paperAll</result>
			<result name="toPreStartExam">/preStartExam.jsp</result>
		</action>
		<action name="exam_*" class="com.action.ExamAction" method="{1}">
			<result name="toAllExamPaper">/allExamPaper.jsp</result>
			<result name="examIng">/examIng.jsp</result>
		</action>
	</package>
</struts>