<?xml version='1.0' encoding='UTF-8'?>
<!DOCTYPE hibernate-configuration PUBLIC
          "-//Hibernate/Hibernate Configuration DTD 3.0//EN"
          "http://hibernate.sourceforge.net/hibernate-configuration-3.0.dtd">
<!-- Generated by MyEclipse Hibernate Tools.                   -->
<hibernate-configuration>

<session-factory>
	<property name="connection.url">
		jdbc:sqlserver://127.0.0.1:1433;DatabaseName=ex
	</property>
	<property name="connection.driver_class">
		com.microsoft.sqlserver.jdbc.SQLServerDriver
	</property>
	<property name="connection.username">sa</property>
	<property name="connection.password">123456</property>
	<property name="dialect">
		org.hibernate.dialect.SQLServerDialect
	</property>
	<property name="show_sql">true</property>
	<property name="hbm2ddl.auto">update</property>
	<property name="myeclipse.connection.profile">H</property>
	<mapping resource="com/lzc/beans/Adminuser.hbm.xml" />
	<mapping resource="com/lzc/beans/Juese.hbm.xml" />
	<mapping resource="com/lzc/beans/Student.hbm.xml" />
	<mapping resource="com/lzc/beans/Teacher.hbm.xml" />
	<mapping resource="com/lzc/bean/Paper.hbm.xml" />
	<mapping resource="com/lzc/bean/Paperinfo.hbm.xml" />
	<mapping resource="com/lzc/bean/Question.hbm.xml" />
	<mapping resource="com/lzc/bean/Subject.hbm.xml" />
	<mapping resource="com/lzc/beans/Classs.hbm.xml" />
</session-factory>

</hibernate-configuration>