<?xml version="1.0" encoding="UTF-8"?>
   <!DOCTYPE struts PUBLIC
	"-//Apache Software Foundation//DTD Struts Configuration 2.1//EN"
	"http://struts.apache.org/dtds/struts-2.1.dtd">
	
<struts>
	<package name="exam" extends="struts-default" >
	 <action name="exam_*" class="com.lzc.Eaction.action" method="{1}">
	    <result name="name">login.jsp</result>
	    <result name="login">index.jsp</result>
	    <result name="sub">subject.jsp</result>
	 </action>
	 
	 <action name="texam_*" class="com.lzc.Eaction.taction" method="{1}">
	    <result name="name">login.jsp</result>
	    <result name="login">index.jsp</result>
	    <result name="sub">subject.jsp</result>
	    <result name="kt">stu.jsp</result>
	    <result name="tkadds">tkadd.jsp</result>
	    <result  name="tolist"  type="redirectAction">texam_list</result>
	    <result name="tkupdate">tkupdate.jsp</result>
	    <result name="sjgl">sjgl.jsp</result>
	    <result  name="tosjgl"  type="redirectAction">texam_sjgl</result>
	    <result name="sjzj">sjzj.jsp</result>
	    <result name="xtzj">xtzj.jsp</result>
	    <result name="chakan">chakanshijuan.jsp</result>
	    <result name="tihuan">tihuanshiti.jsp</result>
	    <result  name="chakans"  type="redirectAction">texam_chakans</result>
	    <result name="ksks">kaishikaoshi.jsp</result>
	    <result name="zaixian">zaixiankaoshi.jsp</result>
	    <result name="exam">exam.jsp</result>
	    <result name="chengjiguanli">chengjiguanli.jsp</result>
	 </action>		
	</package>
</struts>