<?xml version="1.0" encoding="utf-8"?>
<!DOCTYPE hibernate-mapping PUBLIC "-//Hibernate/Hibernate Mapping DTD 3.0//EN"
"http://hibernate.sourceforge.net/hibernate-mapping-3.0.dtd">
<!-- 
    Mapping file autogenerated by MyEclipse Persistence Tools
-->
<hibernate-mapping>
    <class name="com.lzc.bean.Question" table="question" schema="dbo" catalog="ex">
        <id name="qid" type="java.lang.Integer">
            <column name="qId" />
            <generator class="native" />
        </id>
        <property name="type" type="java.lang.String">
            <column name="type" length="20" not-null="true" />
        </property>
        <property name="content" type="java.lang.String">
            <column name="content" length="100" not-null="true" />
        </property>
        <property name="optionA" type="java.lang.String">
            <column name="optionA" length="50" not-null="true" />
        </property>
        <property name="optionB" type="java.lang.String">
            <column name="optionB" length="50" not-null="true" />
        </property>
        <property name="optionC" type="java.lang.String">
            <column name="optionC" length="50" not-null="true" />
        </property>
        <property name="optionD" type="java.lang.String">
            <column name="optionD" length="50" not-null="true" />
        </property>
        <property name="hard" type="java.lang.String">
            <column name="hard" length="20" not-null="true" />
        </property>
        <property name="charpter" type="java.lang.String">
            <column name="charpter" length="20" not-null="true" />
        </property>
        <property name="answer" type="java.lang.String">
            <column name="answer" length="20" not-null="true" />
        </property>
        <property name="suid" type="java.lang.Integer" insert="false" update="false">
            <column name="suid" not-null="true" />
        </property>
        <property name="pType" type="java.lang.String">
            <column name="pType" length="30" not-null="true" />
        </property>  
            
        <many-to-one name="sub" class="com.lzc.bean.Subject" column="suid" lazy="false"></many-to-one>
        <!--
        <set name="paper" table="paperinfo" lazy="false">
          <key column="qId"></key>
          <many-to-many class="com.lzc.bean.Paper" column="pId"></many-to-many>
        </set>
         -->
    </class>
</hibernate-mapping>
