<?xml version="1.0" encoding="utf-8"?>
<!DOCTYPE hibernate-mapping PUBLIC "-//Hibernate/Hibernate Mapping DTD 3.0//EN"
"http://hibernate.sourceforge.net/hibernate-mapping-3.0.dtd">
<!-- 
    Mapping file autogenerated by MyEclipse Persistence Tools
-->
<hibernate-mapping>
    <class name="com.lzc.bean.Subject" table="subject" schema="dbo" catalog="ex">
        <id name="suId" type="java.lang.Integer">
            <column name="suId" />
            <generator class="native" />
        </id>
        <property name="sudirec" type="java.lang.String">
            <column name="sudirec" length="20" not-null="true" />
        </property>
        <property name="sustage" type="java.lang.String">
            <column name="sustage" length="20" not-null="true" />
        </property>
        <property name="suName" type="java.lang.String">
            <column name="suName" length="20" not-null="true" />
        </property>
        
        <set name="ques" lazy="false" cascade="save-update">
            <key column="suid"/>
            <one-to-many class="com.lzc.bean.Question"></one-to-many>
        </set> 
            
    </class>
</hibernate-mapping>
