<?xml version="1.0" encoding="utf-8"?>
<!DOCTYPE hibernate-mapping PUBLIC "-//Hibernate/Hibernate Mapping DTD 3.0//EN"
"http://hibernate.sourceforge.net/hibernate-mapping-3.0.dtd">
<!-- 
    Mapping file autogenerated by MyEclipse Persistence Tools
-->
<hibernate-mapping>
    <class name="com.pojo.Classes" table="classes" schema="dbo" catalog="ex">
        <id name="cid" type="java.lang.Integer">
            <column name="cid" />
            <generator class="native" />
        </id>
        <property name="classname" type="string">
            <column name="classname" length="50" />
        </property>
        <set name="students" cascade="save-update" lazy="false">
        	<key column="sclass"></key>
        	<one-to-many class="com.pojo.Student" />
        </set>
    </class>
</hibernate-mapping>
