<?xml version="1.0" encoding="UTF-8"?>
<beans
	xmlns="http://www.springframework.org/schema/beans"
	xmlns:xsi="http://www.w3.org/2001/XMLSchema-instance"
	xmlns:p="http://www.springframework.org/schema/p"
	xsi:schemaLocation="http://www.springframework.org/schema/beans http://www.springframework.org/schema/beans/spring-beans-3.1.xsd">
  <bean id="now" class="java.util.Date"></bean>
  <bean id="user" class="com.Spring.bean.text">
		<constructor-arg index="0">
			<value>李奇</value>
		</constructor-arg>
		<constructor-arg index="1">
			<ref bean="now"/>
		</constructor-arg>
	</bean>
	<bean id="user1" class="com.Spring.bean.text_1">
		<property name="name" value="张铁棒"></property>
		<property name="now" ref="now"></property>
	</bean>
 
</beans>