<?xml version="1.0" encoding="utf-8"?>
<!DOCTYPE hibernate-mapping PUBLIC "-//Hibernate/Hibernate Mapping DTD 3.0//EN"
"http://hibernate.sourceforge.net/hibernate-mapping-3.0.dtd">
<!-- 
    Mapping file autogenerated by MyEclipse Persistence Tools
-->
<hibernate-mapping>
    <class name="com.pojo.Subject" table="subject" schema="dbo" catalog="ex">
        <id name="suid" type="java.lang.Integer">
            <column name="suid" />
            <generator class="native" />
        </id>
        <property name="sudirec" type="java.lang.String">
            <column name="sudirec" length="20" not-null="true" />
        </property>
        <property name="sustage" type="java.lang.String">
            <column name="sustage" length="20" not-null="true" />
        </property>
        <property name="suName" type="java.lang.String">
            <column name="suName" length="20" not-null="true" />
        </property>
        <property name="pennub" type="java.lang.Integer">
            <column name="pennub" />
        </property>
        <property name="computernub" type="java.lang.Integer">
            <column name="computernub" />
        </property>
        <set name="questions" cascade="save-update" lazy="false">
        	<key column="suid"></key>
        	<one-to-many class="com.pojo.Question" not-found="ignore" />
        </set>
    </class>
</hibernate-mapping>
