<?xml version="1.0" encoding="utf-8"?>
<!DOCTYPE hibernate-mapping PUBLIC "-//Hibernate/Hibernate Mapping DTD 3.0//EN"
"http://hibernate.sourceforge.net/hibernate-mapping-3.0.dtd">
<!-- 
    Mapping file autogenerated by MyEclipse Persistence Tools
-->
<hibernate-mapping>
    <class name="com.pojo.Teacher" table="teacher" schema="dbo" catalog="ex">
        <id name="tid" type="java.lang.Integer">
            <column name="tid" />
            <generator class="native" />
        </id>
        <property name="jid" type="java.lang.Integer">
            <column name="jid" not-null="true" />
        </property>
        <property name="loginuser" type="java.lang.String">
            <column name="loginuser" not-null="true" />
        </property>
        <property name="password" type="java.lang.String">
            <column name="password" not-null="true" />
        </property>
        <property name="tname" type="java.lang.String">
            <column name="tname" not-null="true" />
        </property>
        <property name="tsex" type="java.lang.String">
            <column name="tsex" length="2" not-null="true" />
        </property>
        <property name="tbirthday" type="java.lang.String">
            <column name="tbirthday" />
        </property>
        <property name="teducation" type="java.lang.String">
            <column name="teducation" />
        </property>
        <property name="tphone" type="java.lang.String">
            <column name="tphone" />
        </property>
        <property name="tgangwei" type="java.lang.String">
            <column name="tgangwei" not-null="true" />
        </property>
        <property name="tbeizhu" type="java.lang.String">
            <column name="tbeizhu" />
        </property>
        
    </class>
</hibernate-mapping>
