<?xml version="1.0" encoding="utf-8"?>
<!DOCTYPE hibernate-mapping PUBLIC "-//Hibernate/Hibernate Mapping DTD 3.0//EN"
"http://hibernate.sourceforge.net/hibernate-mapping-3.0.dtd">
<!-- 
    Mapping file autogenerated by MyEclipse Persistence Tools
-->
<hibernate-mapping>
    <class name="com.lzc.beans.Adminuser" table="adminuser" schema="dbo" catalog="ex">
        <id name="aid" type="java.lang.Integer">
            <column name="aid" />
            <generator class="assigned" />
        </id>
        <property name="loginuser" type="java.lang.String">
            <column name="loginuser" not-null="true" />
        </property>
        <property name="password" type="java.lang.String">
            <column name="password" not-null="true" />
        </property>
        <property name="jid" type="java.lang.Integer" insert="false" update="false">
            <column name="jid" not-null="true" />
        </property>
        <many-to-one name="js" class="com.lzc.beans.Juese" column="jid" lazy="false"></many-to-one>
    </class>
</hibernate-mapping>
