<?xml version="1.0" encoding="utf-8"?>
<!DOCTYPE hibernate-mapping PUBLIC "-//Hibernate/Hibernate Mapping DTD 3.0//EN"
"http://hibernate.sourceforge.net/hibernate-mapping-3.0.dtd">
<!-- 
    Mapping file autogenerated by MyEclipse Persistence Tools
-->
<hibernate-mapping>
    <class name="com.lzc.beans.Classs" table="Classs" schema="dbo" catalog="ex">
        <id name="cid" type="java.lang.Integer">
            <column name="cId" />
            <generator class="assigned" />
        </id>
        <property name="cname" type="java.lang.String">
            <column name="cName" length="30" not-null="true" />
        </property>
        <property name="sudirec" type="java.lang.String">
            <column name="sudirec" length="20" not-null="true" />
        </property>
        <property name="bzr" type="java.lang.String">
            <column name="bzr" length="50" not-null="true" />
        </property>
        <property name="js" type="java.lang.Integer">
            <column name="js" not-null="true" />
        </property>
    </class>
</hibernate-mapping>
