<?xml version="1.0" encoding="utf-8"?>
<!DOCTYPE hibernate-mapping PUBLIC "-//Hibernate/Hibernate Mapping DTD 3.0//EN"
"http://hibernate.sourceforge.net/hibernate-mapping-3.0.dtd">
<!-- 
    Mapping file autogenerated by MyEclipse Persistence Tools
-->
<hibernate-mapping>
    <class name="com.lzc.beans.Juese" table="juese" schema="dbo" catalog="ex">
        <id name="jid" type="java.lang.Integer">
            <column name="jid" />
            <generator class="native" />
        </id>
        <property name="jname" type="java.lang.String">
            <column name="jname" not-null="true" />
        </property>
        
        <set name="admin" lazy="false" cascade="save-update">
            <key column="jid"/>
            <one-to-many class="com.lzc.beans.Adminuser"/>
        </set>
        
        <set name="stu" lazy="false" cascade="save-update">
            <key column="jid"/>
            <one-to-many class="com.lzc.beans.Student"/>
        </set>
        
        <set name="tea" lazy="false" cascade="save-update">
            <key column="jid"/>
            <one-to-many class="com.lzc.beans.Teacher"/>
        </set>
    </class>
</hibernate-mapping>
