<?xml version='1.0' encoding='UTF-8'?>
<!DOCTYPE hibernate-configuration PUBLIC
          "-//Hibernate/Hibernate Configuration DTD 3.0//EN"
          "http://hibernate.sourceforge.net/hibernate-configuration-3.0.dtd">
<!-- Generated by MyEclipse Hibernate Tools.                   -->
<hibernate-configuration>

<session-factory>
	<property name="myeclipse.connection.profile">SQL Server</property>
	<property name="connection.url">
		jdbc:sqlserver://localhost:1433;DatabaseName=ex
	</property>
	<property name="connection.username">sa</property>
	<property name="connection.password">123456</property>
	<property name="connection.driver_class">
		com.microsoft.sqlserver.jdbc.SQLServerDriver
	</property>
	<property name="dialect">
		org.hibernate.dialect.SQLServerDialect
	</property>
	<property name="show_sql">true</property>
	<mapping resource="com/pojo/Adminuser.hbm.xml" />
	<mapping resource="com/pojo/Juese.hbm.xml" />
	<mapping resource="com/pojo/Student.hbm.xml" />
	<mapping resource="com/pojo/Teacher.hbm.xml" />
	<mapping resource="com/pojo/Paper.hbm.xml" />
	<mapping resource="com/pojo/Paperinfo.hbm.xml" />
	<mapping resource="com/pojo/Question.hbm.xml" />
	<mapping resource="com/pojo/Subject.hbm.xml" />
	<mapping resource="com/pojo/Classes.hbm.xml" />
	<mapping resource="com/pojo/Score.hbm.xml" />

</session-factory>

</hibernate-configuration>