<?xml version='1.0' encoding='UTF-8'?>
<!DOCTYPE hibernate-configuration PUBLIC
          "-//Hibernate/Hibernate Configuration DTD 3.0//EN"
          "http://www.hibernate.org/dtd/hibernate-configuration-3.0.dtd">

<hibernate-configuration>

	<session-factory>
		<property name="show_sql">true</property>
		<property name="myeclipse.connection.profile">com.microsoft.sqlserver.jdbc.SQLServerDriver</property>
		<property name="connection.url">jdbc:sqlserver://127.0.0.1:1433;databaseName=exam</property>
		<property name="connection.username">sa</property>
		<property name="connection.password">123456</property>
		<property name="connection.driver_class">com.microsoft.sqlserver.jdbc.SQLServerDriver</property>
		<property name="dialect">org.hibernate.dialect.SQLServerDialect</property>
		<mapping resource="com/test/basedao/Diffcult.hbm.xml" />
		<mapping resource="com/test/basedao//Exam.hbm.xml" />
		<mapping resource="com/test/basedao/Fangxiang.hbm.xml" />
		<mapping resource="com/test/basedao//Grade.hbm.xml" />
		<mapping resource="com/test/basedao//Jieduan.hbm.xml" />
		<mapping resource="com/test/basedao//JishiQuestion.hbm.xml" />
		<mapping resource="com/test/basedao//Manager.hbm.xml" />
		<mapping resource="com/test/basedao//Professional.hbm.xml" />
		<mapping resource="com/test/basedao//QType.hbm.xml" />
		<mapping resource="com/test/basedao//Question.hbm.xml" />
		<mapping resource="com/test/basedao//Roles.hbm.xml" />
		<mapping resource="com/test/basedao//Student.hbm.xml" />
		<mapping resource="com/test/basedao//Teacher.hbm.xml" />
		<mapping resource="com/test/basedao//Score.hbm.xml" />

	</session-factory>

</hibernate-configuration>