<?xml version="1.0" encoding="UTF-8" ?>
<!DOCTYPE struts PUBLIC
	"-//Apache Software Foundation//DTD Struts Configuration 2.3//EN"
	"http://struts.apache.org/dtds/struts-2.3.dtd">

<struts>

	<!-- 设置允许文件上传大小  10MB -->
	<constant name="struts.multipart.maxSize" value="10485760"></constant>
	
    <package name="default" namespace="/" extends="struts-default">
		
		
		<action name="loginAction" class="com.test.action.LoginAction">
			<result name="login">/login.jsp</result>
			<result name="index" >/index.jsp</result>
		</action>
		
		<action name="teacherAction" class="com.test.action.TeacherAction">
			<result name="index" >/teacherinfo/teacher_index.jsp</result>
			<result name="input">/teacherinfo/addteacher.jsp</result>
			<result name="closethis" >/teacherinfo/close_page.jsp</result>
			<result name="updatepage">/teacherinfo/updateTeacher.jsp</result>
		</action>
		
		<action name="gradeAction" class="com.test.action.GradeAction">
			<result name="gradeindex">/gradeinfo/grade_index.jsp</result>
			<result name="add" >/gradeinfo/addgrade.jsp</result>
			<result name="closethis" >/teacherinfo/close_page.jsp</result>
			<result name="updatePage" >/gradeinfo/updategrade.jsp</result>
		</action>
		
		<action name="studentAction" class="com.test.action.StudentAction">
			<result name="studentList" >/studentinfo/student_index.jsp</result>
			<result name="toAddstudent" >/studentinfo/addStudent.jsp</result>
			<result name="closethis" >/teacherinfo/close_page.jsp</result>
			<result name="toUpdate" >/studentinfo/updateStudent.jsp</result>
			<result name="exportStudent" >/studentinfo/exportStudent.jsp</result>
			<result name="selfInfo" >/studentinfo/selfInfo.jsp</result>
			<result name="updatepwd">/studentinfo/updatePwd.jsp</result>
			<result name="selectExam" >/studentinfo/onlineExam.jsp</result>
			<result name="testStart" >/studentinfo/testStart.jsp</result>
			<result name="scoreList" >/studentinfo/scoreList.jsp</result>
			<result name="scoreInfo" >/studentinfo/scoreInfo.jsp</result>
		</action>
		
		<action name="tikuAction" class="com.test.action.TikuAction">
			<result name="index" >/tiku/tiku_index.jsp</result>
			<result name="jishiQList" >/tiku/jishiQList.jsp</result>
			<result name="bishiQList" >/tiku/bishiQList.jsp</result>
			<result name="addjishiQ" >/tiku/add_jishiQuestion.jsp</result>
			<result name="addbishiQ" >/tiku/add_bishiQuestion.jsp</result>
			<result name="closethis" >/teacherinfo/close_page.jsp</result>
			<result name="export" >/tiku/exportBishi.jsp</result>
			<result name="updatebishi" >/tiku/bishi_update.jsp</result>
		</action>
		
		
		<action name="importDocument" class="com.test.action.ImportDucument">
			<result name="success" >/tiku/uploadinfo.jsp</result>
		</action>
		
		<action name="examAction" class="com.test.action.ExamAction">
			<result name="index" >/exam/examIndex.jsp</result>
			<result name="suijiPage">/exam/suijipage.jsp</result>
			<result name="examinfo" >/exam/examinfo.jsp</result>
			<result name="finishExaminfo" >/exam/examinfo_finish.jsp</result>
			<result name="allQuestion">/exam/allQuestion.jsp</result>
			<result name="selectQuestionForExam">/exam/selectExam.jsp</result>
			<result name="xuanti" >/exam/includeQuestion.jsp</result>
			<result name="selectExamGrade" >/exam/selectExamGrade.jsp</result>
			<result name="allFinishExam" >/allScoreList.jsp</result>
			<result name="examScoreList" >/exam/scoreList.jsp</result>
		</action>
		
		<action name="adminAction" class="com.test.action.adminAction">
			<result name="updatepwd">/updateAdminPwd.jsp</result>
		</action>
		
		
    </package>

</struts>
