<?xml version="1.0" encoding="utf-8"?>
<!DOCTYPE hibernate-mapping PUBLIC "-//Hibernate/Hibernate Mapping DTD 3.0//EN"
"http://hibernate.sourceforge.net/hibernate-mapping-3.0.dtd">
<!-- 
    Mapping file autogenerated by MyEclipse Persistence Tools
-->
<hibernate-mapping>
    <class name="com.pojo.Score" table="Score" schema="dbo" catalog="ex">
        <id name="scid" type="java.lang.Integer">
            <column name="scid" />
            <generator class="native" />
        </id>
        <property name="pid" type="java.lang.Integer" insert="false" update="false" >
            <column name="pid" />
        </property>
        <property name="sid" type="java.lang.Integer">
            <column name="sid" />
        </property>
        <property name="sname" type="string">
            <column name="sname" length="50" />
        </property>
        <property name="examtime" type="string">
            <column name="examtime" length="50" />
        </property>
          <property name="classes" type="string">
            <column name="classes" length="50" />
        </property>
        <property name="endtime" type="string">
            <column name="endtime" length="50" />
        </property>
        <property name="answer" type="string">
            <column name="answer" length="50" />
        </property>
        <property name="totalScore" type="java.lang.Integer">
            <column name="totalScore" />
        </property>
         <many-to-one name="paper" column="pid" lazy="false" ></many-to-one>
    </class>
</hibernate-mapping>
