<?xml version="1.0" encoding="UTF-8"?>
   <!DOCTYPE struts PUBLIC
	"-//Apache Software Foundation//DTD Struts Configuration 2.1//EN"
	"http://struts.apache.org/dtds/struts-2.1.dtd">
	
<struts>
	<package name="str" extends="struts-default" >
		<action name="login_*" class="com.action.LoginAction" method="{1}">
			<result name="success">/index.jsp</result>
			<result name="error">/login.jsp</result>
			<result name="out">/login.jsp</result>
		</action>
		<action name="question_*" class="com.action.QuestionAction" method="{1}">
			<result name="sub">/TiKu.jsp</result>
			<result name="toSubject">/TiKu.jsp</result>
			<result name="pentest">/BiShi.jsp</result>
			<result name="toTestQuestion">/BiShiUp.jsp</result>
			<result name="toComputerQuestion">/JiShiUp.jsp</result>
			<result name="addQuestion">/BiShiAdd.jsp</result>
			<result name="toQuestionAll" type="redirectAction">question_selQuestion</result>
			<result name="toSubjectAll" type="redirectAction">question_selSubject</result>
			<result name="computerTest">/JiShi.jsp</result>
			<result name="addComputerQuestion">/JiShiAdd.jsp</result>
		</action>
		<action name="paper_*" class="com.action.PaperAction" method="{1}">
			<result name="toPaper">/ShiJuantest.jsp</result>
			<result name="paperQuestion">/ShiJuan.jsp</result>
			<result name="updQuestion">/updQuestion.jsp</result>
			<result name="toAddRandomPaper">/ShiJuanSuiJi.jsp</result>
			<result name="toAddChoicePaper">/ShiJuanXuanTi.jsp</result>
			<result name="toAllPaper" type="redirectAction">paper_paperAll</result>
			<result name="toPreStartExam">/preStartExam.jsp</result>
		</action>
		<action name="exam_*" class="com.action.ExamAction" method="{1}">
			<result name="toAllExamPaper">/KaoShi.jsp</result>
			<result name="examIng">/examIng.jsp</result>
		</action>
	</package>
</struts>