<?xml version="1.0" encoding="utf-8"?>
<!DOCTYPE hibernate-mapping PUBLIC "-//Hibernate/Hibernate Mapping DTD 3.0//EN"
"http://hibernate.sourceforge.net/hibernate-mapping-3.0.dtd">
<!-- 
    Mapping file autogenerated by MyEclipse Persistence Tools
-->
<hibernate-mapping>
    <class name="com.tsinghuait.demo.vo.Hemps" table="HEMPS" schema="SCOTT">
        <id name="empid" type="integer">
            <column name="EMPID" precision="22" scale="0" />
            <generator class="sequence" />
        </id>
        <property name="ename" type="java.lang.String">
            <column name="ENAME" length="20" />
        </property>
        <property name="esex" type="java.lang.String">
            <column name="ESEX" length="2" />
        </property>
        <property name="birthday" type="java.util.Date">
            <column name="BIRTHDAY" length="7" />
        </property>
        <property name="did" type="integer">
            <column name="DID" precision="22" scale="0" />
        </property>
        <property name="score" type="integer">
            <column name="SCORE" precision="22" scale="0" />
        </property>
    </class>
</hibernate-mapping>
